Demand_Group,Count,MAE,RMSE
Low,232,2.182695960697356,3.979871534773159
Medium,101,1.6461996875060743,2.714235169741378
High,120,11.059815576025184,17.826987895078645
